Ticker,Price,premium,strike,iv,oi,opt_vol,spread_pct,opt_bid,opt_ask,opt_last,synthetic_quote,premium_quality,premium_quality_note,bs_fair_price,show_bs_scenarios,atr_pct,gap_pct,RVOL,pm_high,pm_low,pm_volume,expiry,dte_num,direction,earnings,float_shares,avg_vol,entry_stock,stop_stock,tp1_stock,tp2_stock,tp3_stock,tp1_rr,tp1_rr_live,tp2_rr_live,entry_chased,chase_pct,exec_window_ok,setup_pct,wait_tier,wait_edge_note,next_friday_expiry,entry_note,fh_gap_pct,fh_pm_bullish,fh_pm_strong,fh_pm_note,spy_regime,rec_note,Score,recommendation,confidence,Notes,reject_reason,card_lane,gemini_note,scanned_at,first_seen
SPY,$766.81,2.55,769.0,0.1278,3788,13840.0,0.0039,2.55,2.56,2.55,False,market,mid سوق (Bid/Ask) · BS≈$2.02,2.02,True,0.9,0.3415,0.41,768.45,763.22,0,2026-10-02,2.0,CALL 📈,,,44092712,766.81,763.96,769.41,772.18,775.64,0.9,0.9,1.9,False,0.0,True,90.0,FIRE,الشروط ≈90% — جاهز لدخول يدوي عند Entry/تراجع (ليست BUY تلقائي؛ شبه مكتملة),,عند السعر — قريب من دعم $765.00,0.37,False,False,فجوة ضعيفة +0.4%,BULL,الشروط غير مكتملة,17,AVOID,71,MegaCap +2 | OI>2K +3 | OptVol>1K +3 | Spread<3% +3 | Friday✓ +2 | DTE2d +1 | Prem✓ +2 | NoEarnings? +1,,saved,1) تقييم المخاطر: متوسط، لأن نسبة العائد إلى المخاطرة الحالية ضعيفة (0.8:1). 2) نقطة مراقبة: انتظر تراجع السعر نحو نقطة الدخول (765.9) وعدم مطاردة السعر الحالي. 3) تنبيه: هذا التحليل لأغراض تعليمية فقط وليس نصيحة مالية للشراء أو البيع.,2026-09-30 18:22 UTC,2026-09-30 15:00 UTC
NVDA,$230.55,2.56,230.0,0.2788,28842,33516.0,0.0116,2.55,2.58,2.58,False,market,mid سوق (Bid/Ask) · BS≈$2.22,2.22,True,2.3,1.47,0.47,229.73,227.19,0,2026-10-02,2.0,CALL 📈,2026-11-17,23132626000.0,123496938,230.55,228.58,232.4,234.5,239.8,0.9,0.9,2.0,False,0.0,True,93.0,FIRE,الشروط ≈93% — جاهز لدخول يدوي عند Entry/تراجع (ليست BUY تلقائي؛ شبه مكتملة),,عند السعر — قريب من دعم $229.37,1.51,True,False,PM صعود gap +1.5%,BULL,الشروط غير مكتملة,23,AVOID,94,MegaCap +2 | OI>2K +3 | OptVol>1K +3 | Spread<3% +3 | Friday✓ +2 | DTE2d +1 | Prem✓ +2 | ATR%>1.5 +1 | FH PM صعود +3 | NoEarnings✓ +2 | RSI overbought +1,,saved,1) مخاطر متوسطة: بسبب اتساع السبريد وعدم توفر سيولة لحظية واضحة في العقد. 2) نقطة مراقبة: يجب انتظار لمس السعر لنقطة الدخول المحددة وعدم مطاردة السهم لتجنب الانزلاق السعري. 3) هذا التحليل لأغراض تعليمية فقط ولا يعتبر نصيحة استثمارية أو دعوة للشراء.,2026-09-30 18:22 UTC,2026-09-30 18:22 UTC
AMZN,$250.34,2.88,250.0,0.3045,12947,12287.0,0.0308,2.83,2.92,2.88,False,market,mid سوق (Bid/Ask) · BS≈$2.46,2.46,True,2.17,1.4858,0.51,247.84,245.7,0,2026-10-02,2.0,CALL 📈,2026-10-29,9810475783.0,39706873,250.34,248.77,252.44,254.69,257.59,1.3,1.3,2.8,False,0.0,True,91.0,FIRE,الشروط ≈91% — جاهز لدخول يدوي عند Entry/تراجع (ليست BUY تلقائي؛ شبه مكتملة),,عند السعر — قريب من دعم $249.58,1.52,True,False,PM صعود gap +1.5%,BULL,شروط التنفيذ شبه مكتملة لكن الاتجاه غير مؤكد — انتظر تأكيد الزخم · الشروط ≈91% — جاهز لدخول يدوي عند Entry/تراجع (ليست BUY تلقائي؛ شبه مكتملة),21,WAIT,73,MegaCap +2 | OI>2K +3 | OptVol>1K +3 | Spread<5% +2 | Friday✓ +2 | DTE2d +1 | Prem✓ +2 | ATR%>1.5 +1 | FH PM صعود +3 | NoEarnings✓ +2,,saved,1) المخاطر متوسطة؛ نظراً لعدم تأكد زخم الاتجاه رغم إيجابية المؤشرات الفنية. 2) يرجى مراقبة تأكيد الزخم السعري عند مستوى الدخول قبل اتخاذ أي قرار. 3) هذا التحليل لأغراض تعليمية فقط ولا يعتبر نصيحة استثمارية.,2026-09-30 18:22 UTC,2026-09-30 15:00 UTC
SMCI,$40.58,1.02,40.5,0.6758,1564,879.0,0.0481,0.99,1.04,1.1,False,market,mid سوق (Bid/Ask) · BS≈$0.85,0.85,True,5.92,-1.0848,0.44,42.28,40.74,0,2026-10-02,2.0,CALL 📈,2026-11-03,557625648.0,45203155,40.58,39.98,41.42,42.28,43.76,1.4,1.4,2.9,False,0.0,True,99.0,FIRE,الشروط ≈99% — جاهز لدخول يدوي عند Entry/تراجع (ليست BUY تلقائي؛ شبه مكتملة),,عند السعر — قريب من دعم $40.45,1.38,False,False,فجوة ضعيفة +1.4%,BULL,الاتجاه والزخم والسيولة مناسبة,18,BUY,78,MegaCap +2 | OI>1K +2 | OptVol>500 +2 | Spread<5% +2 | Friday✓ +2 | DTE2d +1 | Prem✓ +2 | ATR%>5 +3 | NoEarnings✓ +2,,saved,"1) المخاطر متوسطة: بسبب تقارب سعر الدخول مع مستوى وقف الخسارة. 2) يرجى مراقبة ""سبريد"" الخيارات قبل التنفيذ لضمان عدم تأثيره على تكلفة الدخول. 3) هذا المحتوى تعليمي لأغراض التحليل فقط وليس نصيحة استثمارية.",2026-09-30 18:22 UTC,2026-09-30 18:22 UTC
GOOGL,$348.90,3.55,350.0,0.325,13791,20805.0,0.0278,3.5,3.6,3.53,False,market,mid سوق (Bid/Ask) · BS≈$2.88,2.88,True,2.56,2.3407,0.64,346.24,340.25,0,2026-10-02,2.0,CALL 📈,2026-10-28,10879441100.0,26890955,344.53,342.3,350.0,357.61,364.17,2.5,0.2,1.3,True,1.27,True,99.0,FIRE,مطاردة خفيفة 1.3% — الشروط ≈99% · زخم قوي محتمل (مجال TP2 R:R حي 1:1.3) — جاهز لدخول يدوي عند رجوع Entry (ليست BUY تلقائي),,عند دعم $344.08,2.36,True,True,PM صعود قوي gap +2.4%,BULL,مطاردة >0.8% — السعر تجاوز Entry ($344.53) وR:R الحي 1:0.2 — ادخل عند رجوع Entry · مطاردة خفيفة 1.3% — الشروط ≈99% · زخم قوي محتمل (مجال TP2 R:R حي 1:1.3) — جاهز لدخول يدوي عند رجوع Entry (ليست BUY تلقائي),21,SKIP,88,LargeCap +1 | OI>2K +3 | OptVol>1K +3 | Spread<3% +3 | Friday✓ +2 | DTE2d +1 | ATR%>1.5 +1 | FH PM قوي +4 | NoEarnings✓ +2 | Gap+2.3% +1,العقد $3.55 خارج $1–$3 · nan,rejected,,2026-09-30 18:22 UTC,2026-09-30 14:28 UTC
IBRX,9.68,0.53,9.5,1.2266,1592,1397.0,0.25,0.45,0.6,0.53,False,market,mid سوق (Bid/Ask) · BS≈$0.45,0.45,True,5.89,0.0091,2.06,8.97,8.79,0,2026-10-02,2.0,CALL 📈,2026-11-03,406637981.0,9647042,9.49,8.8,10.09,10.6,11.24,0.9,0.5,1.0,True,2.0,True,92.0,FIRE,مطاردة 2.0% — الشروط ≈92% · زخم قوي محتمل (مجال TP2 R:R حي 1:1.0) — جاهز لدخول يدوي عند رجوع Entry (ليست BUY تلقائي),,عند دعم $8.90,9.85,True,True,PM صعود قوي gap +9.9%,BULL,مطاردة >0.8% — السعر تجاوز Entry ($9.49) وR:R الحي 1:0.5 — ادخل عند رجوع Entry · مطاردة 2.0% — الشروط ≈92% · زخم قوي محتمل (مجال TP2 R:R حي 1:1.0) — جاهز لدخول يدوي عند رجوع Entry (ليست BUY تلقائي),20,SKIP,81,RVOL>2 +3 | OI>1K +2 | OptVol>1K +3 | Spread>8% -1 | Friday✓ +2 | DTE2d +1 | ATR%>5 +3 | FH PM قوي +4 | NoEarnings✓ +2 | RSI overbought +1,العقد $0.53 خارج $1–$3 · السبريد 25% · nan,rejected,,2026-09-30 18:22 UTC,2026-09-30 14:28 UTC
GOOG,$345.59,4.3,345.0,0.3235,2261,7791.0,0.0455,4.2,4.4,4.26,False,market,mid سوق (Bid/Ask) · BS≈$3.65,3.65,True,2.52,2.4517,0.61,342.98,336.92,0,2026-10-02,2.0,CALL 📈,2026-10-28,10879441100.0,17969149,345.59,342.57,349.05,353.3,359.98,1.1,1.1,2.6,False,0.0,True,93.0,FIRE,الشروط ≈93% — جاهز لدخول يدوي عند Entry/تراجع (ليست BUY تلقائي؛ شبه مكتملة),,عند السعر — قريب من دعم $343.87,2.48,True,True,PM صعود قوي gap +2.5%,BULL,انتظر تأكيد الاختراق · الشروط ≈93% — جاهز لدخول يدوي عند Entry/تراجع (ليست BUY تلقائي؛ شبه مكتملة),20,SKIP,84,LargeCap +1 | OI>2K +3 | OptVol>1K +3 | Spread<5% +2 | Friday✓ +2 | DTE2d +1 | ATR%>1.5 +1 | FH PM قوي +4 | NoEarnings✓ +2 | Gap+2.5% +1,العقد $4.30 خارج $1–$3 · nan,rejected,,2026-09-30 18:22 UTC,2026-09-30 16:33 UTC
MSFT,$518.12,5.25,517.5,0.2687,2080,3462.0,0.0374,5.15,5.35,5.2,False,market,mid سوق (Bid/Ask) · BS≈$4.51,4.51,True,2.3,1.8007,0.37,512.45,507.0,0,2026-10-02,2.0,CALL 📈,2026-10-28,7414407173.0,29097958,510.93,507.95,519.83,529.35,541.25,3.0,0.2,1.1,True,1.41,True,99.0,FIRE,مطاردة خفيفة 1.4% — الشروط ≈99% · زخم قوي محتمل (مجال TP2 R:R حي 1:1.1) — جاهز لدخول يدوي عند رجوع Entry (ليست BUY تلقائي),,عند دعم $510.33,1.81,True,False,PM صعود gap +1.8%,BULL,مطاردة >0.8% — السعر تجاوز Entry ($510.93) وR:R الحي 1:0.2 — ادخل عند رجوع Entry · مطاردة خفيفة 1.4% — الشروط ≈99% · زخم قوي محتمل (مجال TP2 R:R حي 1:1.1) — جاهز لدخول يدوي عند رجوع Entry (ليست BUY تلقائي),19,SKIP,81,LargeCap +1 | OI>2K +3 | OptVol>1K +3 | Spread<5% +2 | Friday✓ +2 | DTE2d +1 | ATR%>1.5 +1 | FH PM صعود +3 | NoEarnings✓ +2 | RSI overbought +1,سعر السهم خارج الحد · العقد $5.25 خارج $1–$3 · nan,rejected,,2026-09-30 18:22 UTC,2026-09-30 16:33 UTC
MDB,353.59,7.35,355.0,0.6287,408,639.0,0.2289,6.4,8.3,8.0,False,market,mid سوق (Bid/Ask) · BS≈$5.94,5.94,True,7.98,0.009,2.4,341.0,334.54,0,2026-10-02,2.0,CALL 📈,2026-12-01,78453820.0,1996474,346.52,335.94,364.17,375.61,389.9,1.7,0.6,1.2,True,2.04,True,90.0,FIRE,مطاردة 2.0% — الشروط ≈90% · زخم قوي محتمل (مجال TP2 R:R حي 1:1.2) — جاهز لدخول يدوي عند رجوع Entry (ليست BUY تلقائي),,عند دعم $340.23,4.99,True,True,PM صعود قوي gap +5.0%,BULL,مطاردة >0.8% — السعر تجاوز Entry ($346.52) وR:R الحي 1:0.6 — ادخل عند رجوع Entry · مطاردة 2.0% — الشروط ≈90% · زخم قوي محتمل (مجال TP2 R:R حي 1:1.2) — جاهز لدخول يدوي عند رجوع Entry (ليست BUY تلقائي),18,SKIP,63,RVOL>2 +3 | OptVol>500 +2 | Spread>8% -1 | Friday✓ +2 | DTE2d +1 | ATR%>5 +3 | FH PM قوي +4 | NoEarnings✓ +2 | RSI oversold +1 | Float<100M +1,العقد $7.35 خارج $1–$3 · OI 408 أقل من 500 · السبريد 23% · nan,rejected,,2026-09-30 18:22 UTC,2026-09-30 13:49 UTC
TSLA,$352.65,4.7,352.5,0.3762,1885,11934.0,0.0211,4.65,4.75,4.7,False,market,mid سوق (Bid/Ask) · BS≈$3.79,3.79,True,3.06,-0.0538,0.7,355.12,349.11,0,2026-10-02,2.0,PUT  📉,2026-10-21,2819186930.0,38578571,352.65,356.05,348.88,345.11,335.1,1.1,1.1,2.2,False,0.0,True,76.0,HOT,الشروط ≈76% — جاهز لدخول يدوي عند لمس Entry (ليست BUY تلقائي),,عند السعر — قريب من مقاومة $354.43,0.15,False,False,فجوة ضعيفة +0.2%,BULL,PUT مرفوض — SPY صاعد (فلتر اتجاه) — مراقبة فقط · الشروط ≈76% — جاهز لدخول يدوي عند لمس Entry (ليست BUY تلقائي),17,SKIP,62,MegaCap +2 | OI>1K +2 | OptVol>1K +3 | Spread<3% +3 | Friday✓ +2 | DTE2d +1 | ATR%>3 +2 | NoEarnings✓ +2,العقد $4.70 خارج $1–$3 · nan,rejected,,2026-09-30 18:22 UTC,2026-09-30 13:37 UTC
SMMT,17.22,0.73,17.0,0.9746,1447,483.0,0.3889,0.55,0.9,0.6,False,estimate,سبريد واسع 39% — mid تقريبي,0.61,True,6.79,0.0121999999999999,1.66,16.67,16.21,0,2026-10-02,2.0,CALL 📈,2026-10-19,152282422.0,5453144,17.22,16.92,17.63,18.04,18.57,1.4,1.4,2.7,False,0.0,True,76.0,HOT,الشروط ≈76% — جاهز لدخول يدوي عند لمس Entry (ليست BUY تلقائي),,عند السعر — قريب من دعم $17.14,5.25,True,True,PM صعود قوي gap +5.2%,BULL,Premium $0.73 تحت الحد $1.00 — الوضع الأساسي ≥$1 · الشروط ≈76% — جاهز لدخول يدوي عند لمس Entry (ليست BUY تلقائي),17,SKIP,74,RVOL>1.5 +2 | OI>1K +2 | OptVol>100 +1 | Spread>8% -1 | Friday✓ +2 | DTE2d +1 | ATR%>5 +3 | FH PM قوي +4 | NoEarnings✓ +2 | RSI overbought +1,العقد $0.73 خارج $1–$3 · السبريد 39% · nan,rejected,,2026-09-30 18:22 UTC,2026-09-30 15:00 UTC
AMD,$607.73,10.35,607.5,0.4679,967,1050.0,0.0286,10.2,10.5,10.28,False,market,mid سوق (Bid/Ask) · BS≈$8.60,8.6,True,4.25,0.0263,0.41,611.76,600.37,0,2026-10-02,2.0,CALL 📈,2026-11-03,1623529079.0,24110665,607.73,601.28,616.76,625.79,639.0,1.4,1.4,2.8,False,0.0,True,99.0,FIRE,الشروط ≈99% — جاهز لدخول يدوي عند Entry/تراجع (ليست BUY تلقائي؛ شبه مكتملة),,عند السعر — قريب من دعم $605.25,0.36,False,False,فجوة ضعيفة +0.4%,BULL,Entry تحقق + الاتجاه والزخم مناسبان,16,SKIP,71,LargeCap +1 | OI>500 +1 | OptVol>1K +3 | Spread<3% +3 | Friday✓ +2 | DTE2d +1 | ATR%>3 +2 | NoEarnings✓ +2 | RSI overbought +1,سعر السهم خارج الحد · العقد $10.35 خارج $1–$3 · nan,rejected,,2026-09-30 18:22 UTC,2026-09-30 14:28 UTC
CAPR,9.61,0.5,9.5,1.2969,1536,276.0,0.3333,0.4,0.6,0.45,False,estimate,سبريد واسع 33% — mid تقريبي,0.42,True,9.57,0.168,2.79,12.48,9.47,0,2026-10-02,2.0,CALL 📈,2026-11-10,42602507.0,6452976,9.61,9.41,9.87,10.65,11.39,1.3,1.3,5.2,False,0.0,True,67.0,WARM,الشروط ≈67% — متوسطة؛ لا تستعجل,,عند السعر — قريب من دعم $9.52,18.26,False,False,فجوة ضعيفة +18.3%,BULL,Premium $0.50 تحت الحد $1.00 — الوضع الأساسي ≥$1,15,SKIP,65,RVOL>2 +3 | OI>1K +2 | OptVol>100 +1 | Spread>8% -1 | Friday✓ +2 | DTE2d +1 | ATR%>5 +3 | NoEarnings✓ +2 | Float<50M +2,العقد $0.50 خارج $1–$3 · السبريد 33% · nan,rejected,,2026-09-30 18:22 UTC,2026-09-30 13:37 UTC
LQDA,36.24,3.45,45.0,0.0,2404,184.0,0.5319,2.2,4.7,8.5,False,unreliable,IV ناقص وانحراف BS عن السوق 154% — لا تعتمد سعر العقد,8.75,False,17.27,-0.0021,7.76,71.86,71.0,0,2026-10-02,2.0,PUT  📉,2026-11-03,63513719.0,1394509,36.24,62.23,31.5,26.61,20.5,0.2,0.2,0.4,False,0.0,True,47.0,COLD,الشروط ≈47% — ضعيفة حالياً,,دخول حالي — أقرب مقاومة بعيدة $61.31,-0.15,False,False,بدون فجوة صاعدة -0.2%,BULL,PUT مرفوض — SPY صاعد (فلتر اتجاه) — مراقبة فقط,15,SKIP,50,RVOL>2 +3 | OI>2K +3 | OptVol>100 +1 | Spread>8% -1 | Friday✓ +2 | DTE2d +1 | ATR%>5 +3 | NoEarnings✓ +2 | Float<100M +1,العقد $3.45 خارج $1–$3 · السبريد 53% · nan,rejected,,2026-09-30 18:22 UTC,2026-09-30 16:33 UTC
XLU,39.53,0.41,39.5,0.2949,2825,181.0,0.1591,0.37,0.44,0.36,False,market,mid سوق (Bid/Ask) · BS≈$0.37,0.37,True,1.52,0.0033,2.08,39.94,39.75,0,2026-10-02,2.0,CALL 📈,,,21099084,39.53,39.28,39.8,40.41,40.82,1.1,1.1,3.5,False,0.0,True,39.0,COLD,الشروط ≈39% — ضعيفة حالياً,,عند السعر — قريب من دعم $39.36,0.31,False,False,فجوة ضعيفة +0.3%,BULL,Premium $0.41 تحت الحد $1.00 — الوضع الأساسي ≥$1,13,SKIP,46,RVOL>2 +3 | LargeCap +1 | OI>2K +3 | OptVol>100 +1 | Spread>8% -1 | Friday✓ +2 | DTE2d +1 | ATR%>1.5 +1 | NoEarnings? +1 | RSI oversold +1,العقد $0.41 خارج $1–$3 · السبريد 16% · nan,rejected,,2026-09-30 18:22 UTC,2026-09-30 15:00 UTC
CBRS,179.3,4.1,180.0,0.5708,777,748.0,0.1778,3.7,4.5,4.0,False,market,mid سوق (Bid/Ask) · BS≈$3.36,3.36,True,7.82,-0.0578,1.58,193.48,182.66,0,2026-10-02,2.0,PUT  📉,2026-11-10,109904252.0,6407266,182.89,186.95,177.77,168.7,157.05,1.3,0.2,1.4,True,1.96,True,67.0,WARM,الشروط ≈67% — متوسطة؛ لا تستعجل,,عند مقاومة $185.20,-3.54,False,False,بدون فجوة صاعدة -3.5%,BULL,PUT مرفوض — SPY صاعد (فلتر اتجاه) — مراقبة فقط,13,SKIP,49,RVOL>1.5 +2 | OI>500 +1 | OptVol>500 +2 | Spread>8% -1 | Friday✓ +2 | DTE2d +1 | ATR%>5 +3 | NoEarnings✓ +2 | RSI oversold +1,العقد $4.10 خارج $1–$3 · السبريد 18% · nan,rejected,1) مخاطر مرتفعة: بسبب تعارض اتجاه السهم الهابط مع صعود مؤشر SPY العام. 2) يجب مراقبة عودة السعر لمنطقة الدخول (182.64) وتجنب المطاردة السعرية الحالية. 3) هذا التحليل لأغراض تعليمية فقط وليس نصيحة استثمارية.,2026-09-30 18:22 UTC,2026-09-30 13:49 UTC
SOXL,$147.37,5.6,147.0,1.0161,346,348.0,0.069,5.4,5.8,5.45,False,market,mid سوق (Bid/Ask) · BS≈$4.62,4.62,True,7.9,0.2517,0.52,149.75,142.97,0,2026-10-02,2.0,CALL 📈,,,64232434,147.37,143.74,151.44,159.3,170.94,1.1,1.1,3.3,False,0.0,True,76.0,HOT,الشروط ≈76% — جاهز لدخول يدوي عند لمس Entry (ليست BUY تلقائي),,عند السعر — قريب من دعم $145.49,0.57,False,False,فجوة ضعيفة +0.6%,BULL,انتظر تأكيد الاختراق · الشروط ≈76% — جاهز لدخول يدوي عند لمس Entry (ليست BUY تلقائي),12,SKIP,58,MegaCap +2 | OptVol>100 +1 | Spread<8% +1 | Friday✓ +2 | DTE2d +1 | ATR%>5 +3 | NoEarnings? +1 | RSI overbought +1,العقد $5.60 خارج $1–$3 · OI 346 أقل من 500 · nan,rejected,,2026-09-30 18:22 UTC,2026-09-30 13:37 UTC
SQQQ,$33.93,0.58,34.0,0.5039,3272,3079.0,0.082,0.56,0.61,0.59,False,market,mid سوق (Bid/Ask) · BS≈$0.48,0.48,True,4.42,-2.1062,0.65,35.0,34.1,0,2026-10-02,2.0,CALL 📈,,,49371109,33.93,33.43,34.46,35.02,36.23,1.1,1.1,2.2,False,0.0,True,36.0,COLD,الشروط ≈36% — ضعيفة حالياً,,عند السعر — قريب من دعم $33.66,-0.79,False,False,بدون فجوة صاعدة -0.8%,BULL,CALL على صندوق عكسي مرفوض — SPY صاعد (AVOID),10,SKIP,36,MegaCap +2 | OI>2K +3 | OptVol>1K +3 | Spread>8% -1 | Friday✓ +2 | DTE2d +1 | Inverse ETF -5 | ATR%>3 +2 | NoEarnings? +1 | RSI oversold +1 | Gap-2.1% +1,العقد $0.58 خارج $1–$3 · nan,rejected,,2026-09-30 18:22 UTC,2026-09-30 13:37 UTC
HYG,77.25,0.26,77.0,0.1816,27319,3.0,0.6923,0.12,0.39,0.19,False,estimate,سبريد واسع 69% — mid تقريبي,0.29,True,0.38,0.0014,1.64,77.61,77.32,0,2026-10-02,2.0,PUT  📉,,,37314641,77.58,77.66,76.94,76.69,76.38,8.0,0.8,1.4,False,0.0,True,44.0,COLD,الشروط ≈44% — ضعيفة حالياً,,عند مقاومة $77.60,0.16,False,False,فجوة ضعيفة +0.2%,BULL,PUT مرفوض — SPY صاعد (فلتر اتجاه) — مراقبة فقط,10,SKIP,36,RVOL>1.5 +2 | MegaCap +2 | OI>2K +3 | Spread>8% -1 | Friday✓ +2 | DTE2d +1 | NoEarnings? +1,العقد $0.26 خارج $1–$3 · السبريد 69% · nan,rejected,,2026-09-30 18:22 UTC,2026-09-30 18:22 UTC
CNXC,25.67,,,,0,,,,,,False,estimate,,,False,8.57,0.0008,1.86,25.24,22.1,0,,,PUT  📉,2026-09-29,47126912.0,1570996,,,,,,,,,False,,False,,,,,,3.26,True,True,PM صعود قوي gap +3.3%,BULL,,9,SKIP,0,RVOL>1.5 +2 | DTE>10d -5 | ATR%>5 +3 | FH PM قوي +4 | NoEarnings✓ +2 | RSI oversold +1 | Float<50M +2,no_near_expiry,rejected,,2026-09-30 18:22 UTC,2026-09-30 16:33 UTC
KOD,93.83,,,,0,,,,,,False,estimate,,,False,7.48,0.0297,2.36,96.0,88.22,0,,,CALL 📈,2026-11-12,39559838.0,1370415,,,,,,,,,False,,False,,,,,,3.0,True,True,PM صعود قوي gap +3.0%,BULL,,9,SKIP,0,RVOL>2 +3 | DTE>10d -5 | ATR%>5 +3 | FH PM قوي +4 | NoEarnings✓ +2 | Float<50M +2,no_near_expiry,rejected,,2026-09-30 18:22 UTC,2026-09-30 16:33 UTC
DNA,12.9,,,,0,,,,,,False,estimate,,,False,6.74,-0.0079,2.14,11.96,11.63,0,,,CALL 📈,2026-11-05,49877596.0,1306414,,,,,,,,,False,,False,,,,,,7.94,True,True,PM صعود قوي gap +7.9%,BULL,,9,SKIP,0,RVOL>2 +3 | DTE>10d -5 | ATR%>5 +3 | FH PM قوي +4 | NoEarnings✓ +2 | Float<50M +2,no_near_expiry,rejected,,2026-09-30 18:22 UTC,2026-09-30 18:22 UTC
NLY,19.16,0.1,19.0,0.3633,118,158.0,0.8333,0.03,0.18,0.14,False,estimate,سبريد واسع 83% — mid تقريبي,0.13,True,2.35,-0.0315,1.68,19.78,19.59,0,2026-10-02,2.0,PUT  📉,2026-10-20,752342682.0,7923528,19.54,19.8,19.03,18.65,18.17,2.0,0.2,0.8,True,1.94,True,57.0,WARM,الشروط ≈57% — متوسطة؛ لا تستعجل,,عند مقاومة $19.73,-3.2,False,False,بدون فجوة صاعدة -3.2%,BULL,PUT مرفوض — SPY صاعد (فلتر اتجاه) — مراقبة فقط,8,SKIP,29,RVOL>1.5 +2 | OptVol>100 +1 | Spread>8% -1 | Friday✓ +2 | DTE2d +1 | ATR%>1.5 +1 | NoEarnings✓ +2,العقد $0.10 خارج $1–$3 · OI 118 أقل من 500 · السبريد 83% · nan,rejected,,2026-09-30 18:22 UTC,2026-09-30 16:33 UTC
TMF,25.46,0.55,25.5,0.5801,528,58.0,0.0862,0.53,0.58,0.54,False,market,mid سوق (Bid/Ask) · BS≈$0.45,0.45,True,3.26,-0.0025,1.96,26.59,25.98,0,2026-10-02,2.0,PUT  📉,,,5046434,25.97,26.18,24.61,23.93,23.08,6.5,1.2,2.1,True,1.96,True,71.0,WARM,الشروط ≈71% — متوسطة؛ لا تستعجل,,عند مقاومة $26.04,0.75,False,False,فجوة ضعيفة +0.7%,BULL,PUT مرفوض — SPY صاعد (فلتر اتجاه) — مراقبة فقط,8,SKIP,29,RVOL>1.5 +2 | OI>500 +1 | Spread>8% -1 | Friday✓ +2 | DTE2d +1 | ATR%>3 +2 | NoEarnings? +1,العقد $0.55 خارج $1–$3 · nan,rejected,,2026-09-30 18:22 UTC,2026-09-30 16:33 UTC
CRDO,$189.24,5.7,190.0,0.7622,776,86.0,0.1613,5.2,6.2,5.25,False,market,mid سوق (Bid/Ask) · BS≈$4.63,4.63,True,5.75,-1.6168,0.52,196.0,190.4,0,2026-10-02,2.0,PUT  📉,2026-11-30,170885884.0,6835323,189.24,191.96,185.43,181.62,176.49,1.4,1.4,2.8,False,0.0,True,54.0,COLD,الشروط ≈54% — ضعيفة حالياً,,عند السعر — قريب من مقاومة $189.93,0.11,False,False,فجوة ضعيفة +0.1%,BULL,PUT مرفوض — SPY صاعد (فلتر اتجاه) — مراقبة فقط,8,SKIP,37,OI>500 +1 | Spread>8% -1 | Friday✓ +2 | DTE2d +1 | ATR%>5 +3 | NoEarnings✓ +2,العقد $5.70 خارج $1–$3 · السبريد 16% · nan,rejected,,2026-09-30 18:22 UTC,2026-09-30 18:22 UTC
SGMT,10.06,,,,0,,,,,,False,estimate,,,False,7.46,0.1693,2.67,11.0,9.09,0,,,CALL 📈,2026-11-12,55780554.0,1144979,,,,,,,,,False,,False,,,,,,8.04,True,True,PM صعود قوي gap +8.0%,BULL,,8,SKIP,0,RVOL>2 +3 | DTE>10d -5 | ATR%>5 +3 | FH PM قوي +4 | NoEarnings✓ +2 | Float<100M +1,no_near_expiry,rejected,,2026-09-30 18:22 UTC,2026-09-30 16:33 UTC
GEN,22.25,,,,0,,,,,,False,estimate,,,False,5.84,0.0034,1.64,21.46,20.85,0,,,PUT  📉,2026-11-05,453381790.0,6822706,,,,,,,,,False,,False,,,,,,6.81,True,True,PM صعود قوي gap +6.8%,BULL,,7,SKIP,0,RVOL>1.5 +2 | DTE>10d -5 | ATR%>5 +3 | FH PM قوي +4 | NoEarnings✓ +2 | RSI oversold +1,no_near_expiry,rejected,,2026-09-30 18:22 UTC,2026-09-30 14:28 UTC
BCRX,8.38,,,,0,,,,,,False,estimate,,,False,4.06,0.0024,2.39,8.31,8.17,0,,,PUT  📉,2026-11-02,222315541.0,4047428,,,,,,,,,False,,False,,,,,,1.57,True,False,PM صعود gap +1.6%,BULL,,6,SKIP,0,RVOL>2 +3 | DTE>10d -5 | ATR%>3 +2 | FH PM صعود +3 | NoEarnings✓ +2 | RSI oversold +1,no_near_expiry,rejected,,2026-09-30 18:22 UTC,2026-09-30 18:22 UTC
JBL,286.08,3.6,285.0,0.4935,424,231.0,0.5306,2.3,4.9,4.66,False,estimate,سبريد واسع 53% — mid تقريبي,3.6,True,5.01,-0.0403,2.93,332.76,296.61,0,2026-10-02,2.0,PUT  📉,2026-09-30,102784608.0,1096087,291.8,304.21,271.33,259.53,244.78,1.6,0.8,1.5,True,1.96,True,70.0,WARM,الشروط ≈70% — متوسطة؛ لا تستعجل,,عند مقاومة $302.00,-2.25,False,False,بدون فجوة صاعدة -2.3%,BULL,⚠️ Earnings قبل انتهاء العقد — خطر كبير,5,SKIP,22,RVOL>2 +3 | OptVol>100 +1 | Spread>8% -1 | Friday✓ +2 | DTE2d +1 | ATR%>5 +3 | ⚠️⚠️ Earn BEFORE Expiry -5 | RSI oversold +1,العقد $3.60 خارج $1–$3 · OI 424 أقل من 500 · السبريد 53% · nan,rejected,,2026-09-30 18:22 UTC,2026-09-30 18:22 UTC
CAG,13.69,0.07,13.5,0.4766,525,280.0,1.0,0.0,0.15,0.09,False,unreliable,انحراف BS عن mid السوق 57% (> 50%),0.11,False,3.21,-0.0098999999999999,1.82,14.6,13.52,0,2026-10-02,2.0,PUT  📉,2026-09-30,475067327.0,12532465,13.96,14.3,13.27,12.93,12.51,2.0,0.7,1.2,True,1.93,True,57.0,WARM,الشروط ≈57% — متوسطة؛ لا تستعجل,,عند مقاومة $14.24,0.18,False,False,فجوة ضعيفة +0.2%,BULL,⚠️ Earnings قبل انتهاء العقد — خطر كبير,4,SKIP,19,RVOL>1.5 +2 | LargeCap +1 | OI>500 +1 | OptVol>100 +1 | Spread>8% -1 | Friday✓ +2 | DTE2d +1 | ATR%>3 +2 | ⚠️⚠️ Earn BEFORE Expiry -5,العقد $0.07 خارج $1–$3 · السبريد 100% · nan,rejected,,2026-09-30 18:22 UTC,2026-09-30 16:33 UTC
TRLV,10.35,,,,0,,,,,,False,estimate,,,False,7.83,-0.1023,4.08,11.75,10.93,0,,,PUT  📉,2026-11-05,167889996.0,1425734,,,,,,,,,False,,False,,,,,,-10.01,False,False,بدون فجوة صاعدة -10.0%,BULL,,4,SKIP,0,RVOL>2 +3 | DTE>10d -5 | ATR%>5 +3 | NoEarnings✓ +2 | RSI oversold +1,no_near_expiry,rejected,,2026-09-30 18:22 UTC,2026-09-30 14:28 UTC
QTTB,8.35,,,,0,,,,,,False,estimate,,,False,10.06,0.0608999999999999,3.25,11.82,9.75,0,,,PUT  📉,,14435512.0,1212655,,,,,,,,,False,,False,,,,,,10.78,False,False,فجوة ضعيفة +10.8%,BULL,,4,SKIP,0,RVOL>2 +3 | DTE>10d -5 | ATR%>5 +3 | NoEarnings? +1 | Float<50M +2,no_near_expiry,rejected,,2026-09-30 18:22 UTC,2026-09-30 16:33 UTC
FA,17.8,,,,0,,,,,,False,estimate,,,False,4.61,0.0076,1.9,17.9,17.9,0,,,PUT  📉,2026-11-05,93798126.0,1934877,,,,,,,,,False,,False,,,,,,0.79,False,False,فجوة ضعيفة +0.8%,BULL,,3,SKIP,0,RVOL>1.5 +2 | DTE>10d -5 | ATR%>3 +2 | NoEarnings✓ +2 | RSI oversold +1 | Float<100M +1,no_near_expiry,rejected,,2026-09-30 18:22 UTC,2026-09-30 18:22 UTC
MBC,6.97,,,,0,,,,,,False,estimate,,,False,5.74,0.0143,1.56,7.07,7.07,0,,,PUT  📉,2026-11-03,175166649.0,2285230,,,,,,,,,False,,False,,,,,,0.72,False,False,فجوة ضعيفة +0.7%,BULL,,3,SKIP,0,RVOL>1.5 +2 | DTE>10d -5 | ATR%>5 +3 | NoEarnings✓ +2 | RSI oversold +1,no_near_expiry,rejected,,2026-09-30 18:22 UTC,2026-09-30 18:22 UTC
APLX,6.93,,,,0,,,,,,False,estimate,,,False,15.73,0.0187999999999999,1.71,7.75,7.35,0,,,PUT  📉,,,1528750,,,,,,,,,False,,False,,,,,,2.02,False,False,فجوة ضعيفة +2.0%,BULL,,2,SKIP,0,RVOL>1.5 +2 | DTE>10d -5 | ATR%>5 +3 | NoEarnings? +1 | RSI oversold +1,no_near_expiry,rejected,,2026-09-30 18:22 UTC,2026-09-30 13:49 UTC
MAT,12.73,,,,0,,,,,,False,estimate,,,False,3.3,-0.0438999999999999,1.85,13.32,12.57,0,,,PUT  📉,2026-10-27,231436999.0,4301622,,,,,,,,,False,,False,,,,,,-3.56,False,False,بدون فجوة صاعدة -3.6%,BULL,,2,SKIP,0,RVOL>1.5 +2 | DTE>10d -5 | ATR%>3 +2 | NoEarnings✓ +2 | RSI oversold +1,no_near_expiry,rejected,,2026-09-30 18:22 UTC,2026-09-30 16:33 UTC
APPX,11.12,,,,0,,,,,,False,estimate,,,False,11.96,-0.0391,1.73,12.08,11.5,0,,,PUT  📉,,,1231950,,,,,,,,,False,,False,,,,,,-2.87,False,False,بدون فجوة صاعدة -2.9%,BULL,,2,SKIP,0,RVOL>1.5 +2 | DTE>10d -5 | ATR%>5 +3 | NoEarnings? +1 | RSI oversold +1,no_near_expiry,rejected,,2026-09-30 18:22 UTC,2026-09-30 16:33 UTC
ERY,9.34,,,,0,,,,,,False,estimate,,,False,3.64,-0.0074,1.89,9.37,9.37,0,,,CALL 📈,,,6795331,,,,,,,,,False,,False,,,,,,-0.79,False,False,بدون فجوة صاعدة -0.8%,BULL,,0,SKIP,0,RVOL>1.5 +2 | DTE>10d -5 | ATR%>3 +2 | NoEarnings? +1,no_near_expiry,rejected,,2026-09-30 18:22 UTC,2026-09-30 15:00 UTC
RWM,14.34,,,,0,,,,,,False,estimate,,,False,1.12,-0.0028,1.68,14.38,14.22,0,,,CALL 📈,,,21769574,,,,,,,,,False,,False,,,,,,0.14,False,False,فجوة ضعيفة +0.1%,BULL,,0,SKIP,0,RVOL>1.5 +2 | LargeCap +1 | DTE>10d -5 | NoEarnings? +1 | RSI overbought +1,no_near_expiry,rejected,,2026-09-30 18:22 UTC,2026-09-30 16:33 UTC
VCLT,68.43,,,,0,,,,,,False,estimate,,,False,0.89,0.0012,4.53,69.39,68.72,0,,,PUT  📉,,,4427309,,,,,,,,,False,,False,,,,,,0.09,False,False,فجوة ضعيفة +0.1%,BULL,,-1,SKIP,0,RVOL>2 +3 | DTE>10d -5 | NoEarnings? +1,no_near_expiry,rejected,,2026-09-30 18:22 UTC,2026-09-30 18:22 UTC
