first_seen,Ticker,Price,premium,strike,direction,Score,gap_pct,spy_regime,reject_reason,scanned_at
2026-09-28 13:47 UTC,NVDA,$231.10,4.22,230.0,CALL 📈,23,2.6792,BULL,العقد $4.22 خارج $1–$3 · nan,2026-09-28 14:41 UTC
2026-09-28 13:47 UTC,AMPX,9.96,0.45,10.0,CALL 📈,8,0.1364,BULL,العقد $0.45 خارج $1–$3 · OI 209 أقل من 500 · السبريد 20% · nan,2026-09-28 14:41 UTC
2026-09-28 13:47 UTC,TSLA,$360.92,8.57,360.0,CALL 📈,19,-3.0075,BULL,العقد $8.57 خارج $1–$3 · nan,2026-09-28 14:41 UTC
2026-09-28 13:47 UTC,MDB,325.64,18.38,325.0,PUT  📉,13,-0.23920000000000002,BULL,العقد $18.38 خارج $1–$3 · OI 43 أقل من 500 · السبريد 13% · nan,2026-09-28 14:41 UTC
2026-09-28 13:47 UTC,SPCH,9.61,0.35,9.5,PUT  📉,11,-0.0026,BULL,العقد $0.35 خارج $1–$3 · السبريد 25% · nan,2026-09-28 14:41 UTC
2026-09-28 13:47 UTC,SOXL,$139.93,8.0,140.0,CALL 📈,13,-7.6091,BULL,العقد $8.00 خارج $1–$3 · nan,2026-09-28 14:41 UTC
2026-09-28 13:47 UTC,NVDX,21.19,0.73,21.0,CALL 📈,10,0.042,BULL,العقد $0.73 خارج $1–$3 · OI 163 أقل من 500 · السبريد 19% · nan,2026-09-28 14:41 UTC
2026-09-28 13:47 UTC,SQQQ,$35.01,0.77,35.0,CALL 📈,18,3.7185,BULL,العقد $0.77 خارج $1–$3 · nan,2026-09-28 14:41 UTC
2026-09-28 13:47 UTC,AMD,$606.38,12.8,607.5,PUT  📉,15,-3.846,BULL,سعر السهم خارج الحد · العقد $12.80 خارج $1–$3 · nan,2026-09-28 14:41 UTC
2026-09-28 13:47 UTC,META,720.44,16.35,720.0,CALL 📈,16,-0.0016,BULL,سعر السهم خارج الحد · العقد $16.35 خارج $1–$3 · nan,2026-09-28 14:41 UTC
2026-09-28 13:47 UTC,METU,30.3,1.25,30.5,PUT  📉,9,-0.0044,BULL,OI 39 أقل من 500 · السبريد 15% · nan,2026-09-28 14:41 UTC
2026-09-28 13:47 UTC,SNDQ,11.4,,,PUT  📉,5,0.0478,BULL,no_near_expiry,2026-09-28 14:41 UTC
2026-09-28 13:47 UTC,BEZ,5.74,,,PUT  📉,6,0.045,BULL,no_near_expiry,2026-09-28 14:41 UTC
2026-09-28 13:47 UTC,SPAX,9.77,,,PUT  📉,-1,-0.003,BULL,no_near_expiry,2026-09-28 14:41 UTC
2026-09-28 13:47 UTC,FRVO,14.09,,,PUT  📉,1,0.0,BULL,no_near_expiry,2026-09-28 14:41 UTC
2026-09-28 13:47 UTC,GLND,5.05,,,CALL 📈,0,-0.0748,BULL,no_near_expiry,2026-09-28 14:41 UTC
2026-09-28 13:47 UTC,SPC,9.3,,,PUT  📉,-1,0.0033,BULL,no_options,2026-09-28 14:41 UTC
2026-09-28 13:47 UTC,AOX,8.57,,,PUT  📉,0,-0.0302,BULL,no_options,2026-09-28 14:41 UTC
2026-09-28 13:47 UTC,NBIZ,21.05,,,PUT  📉,4,0.0127,BULL,no_near_expiry,2026-09-28 14:41 UTC
2026-09-28 13:47 UTC,SNK,15.27,,,PUT  📉,2,-0.0013,BULL,no_near_expiry,2026-09-28 14:41 UTC
2026-09-28 13:47 UTC,INTW,29.62,,,CALL 📈,0,-0.0354,BULL,no_near_expiry,2026-09-28 14:41 UTC
2026-09-28 13:47 UTC,CRDU,8.93,,,PUT  📉,-1,-0.0496,BULL,no_near_expiry,2026-09-28 14:41 UTC
2026-09-28 13:54 UTC,SLV,55.26,0.95,55.5,PUT  📉,11,-0.048499999999999995,BULL,العقد $0.95 خارج $1–$3 · OI 419 أقل من 500 · nan,2026-09-28 14:41 UTC
2026-09-28 14:05 UTC,OCUL,7.41,,,PUT  📉,2,-0.0383,BULL,no_near_expiry,2026-09-28 14:41 UTC
2026-09-28 14:05 UTC,PLTZ,7.92,,,PUT  📉,4,0.0363,BULL,no_near_expiry,2026-09-28 14:41 UTC
2026-09-28 14:05 UTC,LITX,28.75,,,PUT  📉,-1,0.0009,BULL,no_near_expiry,2026-09-28 14:41 UTC
2026-09-28 14:05 UTC,AXTX,30.42,,,CALL 📈,-1,-0.059699999999999996,BULL,no_near_expiry,2026-09-28 14:41 UTC
2026-09-28 14:41 UTC,AMZN,$246.81,3.5,247.5,PUT  📉,18,-1.1435,BULL,العقد $3.50 خارج $1–$3 · nan,2026-09-28 14:41 UTC
2026-09-28 14:41 UTC,BA,189.44,3.27,190.0,PUT  📉,13,-0.0281,BULL,العقد $3.27 خارج $1–$3 · nan,2026-09-28 14:41 UTC
2026-09-28 14:41 UTC,SG,8.44,0.38,8.5,CALL 📈,11,0.049800000000000004,BULL,العقد $0.38 خارج $1–$3 · السبريد 12% · nan,2026-09-28 14:41 UTC
2026-09-28 14:41 UTC,WBD,30.86,0.01,31.0,CALL 📈,9,-0.0003,BULL,العقد $0.01 خارج $1–$3 · السبريد 100% · nan,2026-09-28 14:41 UTC
2026-09-28 14:41 UTC,CRDO,$193.43,5.65,192.5,PUT  📉,9,-8.314,BULL,العقد $5.65 خارج $1–$3 · OI 80 أقل من 500 · السبريد 12% · nan,2026-09-28 14:41 UTC
2026-09-28 14:41 UTC,GEN,20.99,,,PUT  📉,0,-0.006500000000000001,BULL,no_near_expiry,2026-09-28 14:41 UTC
2026-09-28 14:41 UTC,BEX,33.49,,,PUT  📉,-1,-0.0444,BULL,no_near_expiry,2026-09-28 14:41 UTC
2026-09-28 13:47 UTC,NVDL,37.66,1.45,37.5,CALL 📈,13,0.0406,BULL,OI 413 أقل من 500 · السبريد 18% · nan,2026-09-28 14:05 UTC
2026-09-28 13:47 UTC,CONL,6.38,,,CALL 📈,3,0.0070999999999999,BULL,no_near_expiry,2026-09-28 14:05 UTC
2026-09-28 13:47 UTC,UEC,9.1,0.3,9.0,PUT  📉,2,-0.0116999999999999,BULL,العقد $0.30 خارج $1–$3 · السبريد 12% · nan,2026-09-28 14:05 UTC
2026-09-28 13:47 UTC,ORCU,6.24,,,PUT  📉,0,-0.0625,BULL,no_near_expiry,2026-09-28 14:05 UTC
2026-09-28 13:54 UTC,GDX,89.14,1.91,89.0,PUT  📉,11,-0.0509,BULL,السبريد 24% · nan,2026-09-28 14:05 UTC
2026-09-28 13:54 UTC,ETHU,30.27,1.27,30.5,PUT  📉,9,-0.0026,BULL,OI 68 أقل من 500 · السبريد 41% · nan,2026-09-28 14:05 UTC
2026-09-28 13:47 UTC,SPCX,150.21,3.38,150.0,CALL 📈,21,-0.0012,BULL,العقد $3.38 خارج $1–$3 · nan,2026-09-28 13:54 UTC
2026-09-28 13:47 UTC,SOXS,34.37,1.29,34.5,CALL 📈,10,0.0222,BULL,OI 393 أقل من 500 · السبريد 14% · nan,2026-09-28 13:54 UTC
2026-09-28 13:47 UTC,BITX,19.6,0.84,19.5,CALL 📈,8,-0.0112,BULL,العقد $0.84 خارج $1–$3 · OI 142 أقل من 500 · السبريد 38% · nan,2026-09-28 13:54 UTC
2026-09-28 13:47 UTC,MUZ,6.96,,,PUT  📉,5,0.012,BULL,no_near_expiry,2026-09-28 13:54 UTC
2026-09-28 13:47 UTC,SNDG,10.07,,,CALL 📈,-1,-0.0487999999999999,BULL,no_near_expiry,2026-09-28 13:54 UTC
2026-09-28 13:47 UTC,CRCG,13.07,,,PUT  📉,-1,-0.0496,BULL,no_near_expiry,2026-09-28 13:54 UTC
2026-09-28 13:47 UTC,IONQ,47.39,1.27,47.5,CALL 📈,16,0.0024,BULL,السبريد 34% · nan,2026-09-28 13:47 UTC
2026-09-28 13:47 UTC,IBIT,47.37,0.7,47.5,CALL 📈,15,-0.0056,BULL,العقد $0.70 خارج $1–$3 · nan,2026-09-28 13:47 UTC
2026-09-25 13:26 UTC,AMD,$630.63,17.93,630.0,CALL 📈,15,0.2177,BULL,سعر السهم خارج الحد · العقد $17.93 خارج $1–$3 · nan,2026-09-25 23:13 UTC
2026-09-25 13:26 UTC,UNG,11.13,0.39,11.0,CALL 📈,16,-0.0433,BULL,العقد $0.39 خارج $1–$3 · السبريد 19% · nan,2026-09-25 23:13 UTC
2026-09-25 13:26 UTC,TSLA,$372.11,8.57,372.5,CALL 📈,16,-1.5426,BULL,العقد $8.57 خارج $1–$3 · nan,2026-09-25 23:13 UTC
2026-09-25 13:26 UTC,NVDA,$225.07,3.67,225.0,CALL 📈,17,0.2182,BULL,العقد $3.67 خارج $1–$3 · nan,2026-09-25 23:13 UTC
2026-09-25 13:26 UTC,SOXL,$151.45,8.38,151.0,CALL 📈,15,3.4989,BULL,العقد $8.38 خارج $1–$3 · OI 456 أقل من 500 · السبريد 12% · nan,2026-09-25 23:13 UTC
2026-09-25 13:26 UTC,AKAM,113.94,4.2,114.0,CALL 📈,10,0.1341999999999999,BULL,العقد $4.20 خارج $1–$3 · OI 49 أقل من 500 · السبريد 25% · nan,2026-09-25 23:13 UTC
2026-09-25 13:26 UTC,GLND,5.54,,,CALL 📈,2,0.1421,BULL,no_near_expiry,2026-09-25 23:13 UTC
2026-09-25 13:26 UTC,CRDU,10.69,,,CALL 📈,6,0.0594,BULL,no_near_expiry,2026-09-25 23:13 UTC
2026-09-25 13:26 UTC,MSFT,$516.17,8.23,515.0,CALL 📈,21,3.6632,BULL,سعر السهم خارج الحد · العقد $8.23 خارج $1–$3 · nan,2026-09-25 23:13 UTC
2026-09-25 14:27 UTC,VKTX,35.56,1.55,35.5,CALL 📈,14,0.0286,BULL,السبريد 39% · nan,2026-09-25 23:13 UTC
2026-09-25 14:27 UTC,IREZ,8.46,,,PUT  📉,7,-0.0051,BULL,no_near_expiry,2026-09-25 23:13 UTC
2026-09-25 13:26 UTC,AMZN,$249.67,3.9,250.0,PUT  📉,15,0.1163,BULL,العقد $3.90 خارج $1–$3 · nan,2026-09-25 23:13 UTC
2026-09-25 14:40 UTC,GME,23.39,0.67,23.5,CALL 📈,16,-0.0024,BULL,العقد $0.67 خارج $1–$3 · nan,2026-09-25 23:13 UTC
2026-09-25 14:40 UTC,SECZ,15.96,,,CALL 📈,5,-0.0194,BULL,no_near_expiry,2026-09-25 23:13 UTC
2026-09-25 14:40 UTC,AESI,12.47,,,PUT  📉,8,0.1192,BULL,no_near_expiry,2026-09-25 23:13 UTC
2026-09-25 13:43 UTC,TSLR,17.25,,,CALL 📈,2,0.0325,BULL,no_near_expiry,2026-09-25 23:13 UTC
2026-09-25 13:26 UTC,GOOGL,$343.92,5.0,345.0,CALL 📈,16,0.4557,BULL,العقد $5.00 خارج $1–$3 · nan,2026-09-25 23:13 UTC
2026-09-25 13:26 UTC,CRDO,$210.97,9.9,210.0,CALL 📈,18,7.6542,BULL,العقد $9.90 خارج $1–$3 · السبريد 11% · nan,2026-09-25 23:13 UTC
2026-09-25 13:26 UTC,TMF,27.21,0.66,27.0,PUT  📉,11,-0.0044,BULL,العقد $0.66 خارج $1–$3 · OI 299 أقل من 500 · السبريد 35% · nan,2026-09-25 23:13 UTC
2026-09-25 16:27 UTC,SQQQ,$33.75,0.8,33.5,PUT  📉,7,-1.258,BULL,العقد $0.80 خارج $1–$3 · OI 222 أقل من 500 · nan,2026-09-25 23:13 UTC
2026-09-25 16:27 UTC,QMCO,31.68,,,CALL 📈,9,0.0176,BULL,no_near_expiry,2026-09-25 23:13 UTC
2026-09-25 16:27 UTC,ZS,193.05,6.17,192.5,CALL 📈,13,-0.0403,BULL,العقد $6.17 خارج $1–$3 · nan,2026-09-25 23:13 UTC
2026-09-25 16:27 UTC,ERY,9.31,,,CALL 📈,1,0.023,BULL,no_near_expiry,2026-09-25 23:13 UTC
2026-09-25 16:27 UTC,MGM,32.58,,,PUT  📉,2,0.0089,BULL,no_near_expiry,2026-09-25 23:13 UTC
2026-09-25 16:27 UTC,RWM,14.18,,,CALL 📈,1,-0.0014,BULL,no_near_expiry,2026-09-25 23:13 UTC
2026-09-25 16:27 UTC,GEN,21.62,,,PUT  📉,3,-0.0069,BULL,no_near_expiry,2026-09-25 23:13 UTC
2026-09-25 16:27 UTC,APLX,8.01,,,PUT  📉,2,0.0069999999999999,BULL,no_near_expiry,2026-09-25 23:13 UTC
2026-09-25 16:27 UTC,PSQ,24.64,,,PUT  📉,0,-0.0012,BULL,no_near_expiry,2026-09-25 23:13 UTC
2026-09-25 13:26 UTC,GOOG,$341.08,6.05,340.0,CALL 📈,15,0.6106,BULL,العقد $6.05 خارج $1–$3 · nan,2026-09-25 23:13 UTC
2026-09-25 17:53 UTC,DK,67.84,,,CALL 📈,8,-0.0060999999999999,BULL,no_near_expiry,2026-09-25 23:13 UTC
2026-09-25 18:10 UTC,HAYW,12.63,,,PUT  📉,5,0.0024,BULL,no_near_expiry,2026-09-25 23:13 UTC
2026-09-25 18:10 UTC,WTTR,19.84,,,PUT  📉,2,0.0471,BULL,no_near_expiry,2026-09-25 23:13 UTC
2026-09-25 17:53 UTC,BSOL,16.79,,,CALL 📈,6,0.0204,BULL,no_near_expiry,2026-09-25 23:13 UTC
2026-09-25 16:27 UTC,TLT,79.32,0.86,79.5,PUT  📉,19,-0.0006,BULL,العقد $0.86 خارج $1–$3 · nan,2026-09-25 23:13 UTC
2026-09-25 14:27 UTC,FRVO,15.18,,,PUT  📉,4,0.0524,BULL,no_near_expiry,2026-09-25 23:13 UTC
2026-09-25 21:26 UTC,CVS,89.13,1.6,89.0,PUT  📉,16,0.0034999999999999,BULL,OI 70 أقل من 500 · السبريد 30% · nan,2026-09-25 23:13 UTC
2026-09-25 21:26 UTC,DFDV,6.04,,,CALL 📈,10,0.019,BULL,no_near_expiry,2026-09-25 23:13 UTC
2026-09-25 21:26 UTC,COUR,5.05,,,PUT  📉,3,-0.004,BULL,no_near_expiry,2026-09-25 23:13 UTC
2026-09-25 14:27 UTC,PURR,12.82,0.62,13.0,CALL 📈,14,-0.0078,BULL,العقد $0.62 خارج $1–$3 · OI 397 أقل من 500 · nan,2026-09-25 18:10 UTC
2026-09-25 13:26 UTC,TSLZ,11.11,,,PUT  📉,5,-0.0341,BULL,no_near_expiry,2026-09-25 18:10 UTC
2026-09-25 16:27 UTC,KOLD,24.59,1.25,25.0,CALL 📈,12,0.0827,BULL,OI 129 أقل من 500 · السبريد 33% · nan,2026-09-25 18:10 UTC
2026-09-25 16:27 UTC,BYND,8.43,0.23,8.0,PUT  📉,12,-0.0011,BULL,العقد $0.23 خارج $1–$3 · OI 311 أقل من 500 · السبريد 20% · nan,2026-09-25 18:10 UTC
2026-09-25 16:27 UTC,DLLL,36.44,,,CALL 📈,6,0.0354,BULL,no_near_expiry,2026-09-25 18:10 UTC
2026-09-25 17:53 UTC,SPTL,24.16,,,PUT  📉,0,-0.0012,BULL,no_near_expiry,2026-09-25 18:10 UTC
2026-09-25 16:27 UTC,QID,12.99,,,PUT  📉,0,-0.0031,BULL,no_near_expiry,2026-09-25 17:53 UTC
2026-09-25 14:27 UTC,SPDN,8.39,,,PUT  📉,-2,0.0,BULL,no_near_expiry,2026-09-25 16:27 UTC
2026-09-25 13:26 UTC,TSLT,13.93,,,CALL 📈,-1,0.0348,BULL,no_near_expiry,2026-09-25 16:27 UTC
2026-09-25 13:26 UTC,BOIL,21.59,1.32,21.5,CALL 📈,8,-0.0859,BULL,OI 65 أقل من 500 · السبريد 24% · nan,2026-09-25 14:40 UTC
2026-09-25 13:26 UTC,BITX,19.77,0.59,20.0,CALL 📈,10,-0.01,BULL,العقد $0.59 خارج $1–$3 · السبريد 13% · nan,2026-09-25 14:40 UTC
2026-09-25 13:26 UTC,SNDQ,10.43,,,PUT  📉,1,-0.0436,BULL,no_near_expiry,2026-09-25 14:40 UTC
2026-09-25 13:26 UTC,INTW,34.33,,,CALL 📈,0,-0.0101,BULL,no_near_expiry,2026-09-25 14:40 UTC
2026-09-25 13:26 UTC,NBIZ,20.46,,,PUT  📉,0,-0.0189,BULL,no_near_expiry,2026-09-25 14:40 UTC
2026-09-25 13:26 UTC,TSLQ,17.9,,,PUT  📉,0,-0.0349,BULL,no_near_expiry,2026-09-25 14:40 UTC
2026-09-25 13:26 UTC,SNDG,10.7,,,CALL 📈,-1,0.0425,BULL,no_near_expiry,2026-09-25 14:40 UTC
2026-09-25 13:43 UTC,TSLL,9.82,0.53,10.0,CALL 📈,14,0.0361,BULL,العقد $0.53 خارج $1–$3 · nan,2026-09-25 14:40 UTC
2026-09-25 13:43 UTC,META,751.06,18.55,750.0,CALL 📈,18,-0.0112,BULL,سعر السهم خارج الحد · العقد $18.55 خارج $1–$3 · nan,2026-09-25 14:40 UTC
2026-09-25 13:43 UTC,PL,17.62,0.82,17.5,CALL 📈,2,0.0159,BULL,العقد $0.82 خارج $1–$3 · السبريد 26% · nan,2026-09-25 14:40 UTC
2026-09-25 13:43 UTC,MUZ,6.66,,,PUT  📉,1,-0.0312,BULL,no_near_expiry,2026-09-25 14:40 UTC
2026-09-25 13:43 UTC,AOX,9.62,,,PUT  📉,0,0.0167,BULL,no_options,2026-09-25 14:40 UTC
2026-09-25 13:43 UTC,BEZ,5.23,,,PUT  📉,2,-0.0271,BULL,no_near_expiry,2026-09-25 14:40 UTC
2026-09-25 14:27 UTC,LABD,7.49,0.28,7.5,CALL 📈,12,-0.0097,BULL,العقد $0.28 خارج $1–$3 · OI 422 أقل من 500 · السبريد 100% · nan,2026-09-25 14:40 UTC
2026-09-25 14:27 UTC,IRE,10.47,,,PUT  📉,-1,0.0038,BULL,no_near_expiry,2026-09-25 14:40 UTC
2026-09-25 14:40 UTC,SOXS,32.76,1.94,33.0,PUT  📉,7,-0.0199,BULL,السبريد 16% · nan,2026-09-25 14:40 UTC
2026-09-25 14:40 UTC,SATL,6.26,,,CALL 📈,1,0.0135,BULL,no_near_expiry,2026-09-25 14:40 UTC
2026-09-25 13:26 UTC,ORCU,6.72,,,PUT  📉,0,-0.0163999999999999,BULL,no_near_expiry,2026-09-25 14:27 UTC
2026-09-25 13:43 UTC,CONL,6.27,,,CALL 📈,0,0.0015,BULL,no_near_expiry,2026-09-25 14:27 UTC
2026-09-25 14:27 UTC,FSLY,25.54,1.48,25.5,CALL 📈,12,0.0550999999999999,BULL,السبريد 21% · nan,2026-09-25 14:27 UTC
2026-09-25 14:27 UTC,SMCX,15.05,,,CALL 📈,0,0.0248,BULL,no_near_expiry,2026-09-25 14:27 UTC
2026-09-25 14:27 UTC,BMNU,22.36,,,CALL 📈,0,0.0191,BULL,no_near_expiry,2026-09-25 14:27 UTC
2026-09-25 13:26 UTC,ETHA,20.35,0.51,20.5,CALL 📈,16,0.002,BULL,,2026-09-25 13:43 UTC
2026-09-25 13:26 UTC,KORU,21.3,0.98,21.5,CALL 📈,13,0.0559,BULL,,2026-09-25 13:43 UTC
2026-09-25 13:26 UTC,AXTX,34.85,,,CALL 📈,3,0.0554,BULL,,2026-09-25 13:43 UTC
2026-09-25 13:43 UTC,DKNG,20.6,0.35,20.5,PUT  📉,13,-0.023,BULL,,2026-09-25 13:43 UTC
2026-09-25 13:43 UTC,ETHU,30.65,1.65,30.5,PUT  📉,11,0.0018,BULL,,2026-09-25 13:43 UTC
2026-09-25 13:43 UTC,CRCG,14.34,,,PUT  📉,-1,-0.019,BULL,,2026-09-25 13:43 UTC
2026-09-25 13:26 UTC,SCO,20.32,0.55,20.5,CALL 📈,9,0.0252,BULL,,2026-09-25 13:26 UTC
2026-09-25 13:26 UTC,ETHE,21.75,0.44,22.0,CALL 📈,9,-0.0092,BULL,,2026-09-25 13:26 UTC
2026-09-25 13:26 UTC,AGQ,76.2,3.9,76.0,PUT  📉,8,-0.0056999999999999,BULL,,2026-09-25 13:26 UTC
2026-09-25 13:26 UTC,QDEL,10.69,,,PUT  📉,6,0.0,BULL,,2026-09-25 13:26 UTC
2026-09-25 13:26 UTC,NAMM,$1.17,,,PUT  📉,1,-6.4,BULL,,2026-09-25 13:26 UTC
2026-09-25 13:26 UTC,BITU,15.45,,,CALL 📈,0,-0.0064,BULL,,2026-09-25 13:26 UTC
2026-09-25 13:26 UTC,SUNB,73.33,,,CALL 📈,-2,0.0056,BULL,,2026-09-25 13:26 UTC
