first_seen,ticker,company,price,gap_pct,float_shares,pm_volume,dollar_volume,rvol,rocm20,rocm200,vwap,atr_pct,pmh,resistance,distance_to_resistance_pct,trigger,target,stop,risk_reward,catalyst,pattern,score,signal,signal_label,reason,notes,disclaimer,recommendation,scanned_at
2026-10-06 14:44 UTC,OLOX,Olenox Industries Inc.,1.45,64.77,1324553.0,93990619.0,136286397.55,9.9,0.6454838466383629,0.01981260616500624,1.1907,10.37,2.25,1.8598999977111816,55.17,1.88,2.01,1.24,0.2,What's going on in today's session,Higher Lows + Increasing Volume,73,WATCH,🟡 WATCHLIST,"Potential setup, but important conditions are missing.",R:R 1:0.20 أقل من 1:3,ليست ضماناً لصعود 7%. الإعداد يجمع الأدلة فقط، والدخول يدوي بعد تأكيد التفعيل.,WATCH,2026-10-06 19:52 UTC
2026-10-05 12:40 UTC,CYCU,"Cycurion, Inc.",3.6,33.83,3084593.0,49065200.0,176634720.0,18.69,0.3383437295621016,0.0215035505350157,3.7649,11.26,4.26,4.26,18.33,4.3,4.6,2.63,0.18,Friday's session: top gainers and losers,Higher Lows,68,WATCH,🟡 WATCHLIST,"Potential setup, but important conditions are missing.",R:R 1:0.18 أقل من 1:3,ليست ضماناً لصعود 7%. الإعداد يجمع الأدلة فقط، والدخول يدوي بعد تأكيد التفعيل.,WATCH,2026-10-05 12:40 UTC
2026-10-02 14:26 UTC,CYCU,"Cycurion, Inc.",3.0,11.52,3084593.0,47873860.0,143621580.0,18.66,0.2854189876834256,0.0144140048555092,3.7049,13.51,3.39,3.39,13.0,3.42,3.66,2.63,0.3,These stocks are moving in today's session,Higher Lows,72,WATCH,🟡 WATCHLIST,"Potential setup, but important conditions are missing.",R:R 1:0.30 أقل من 1:3,ليست ضماناً لصعود 7%. الإعداد يجمع الأدلة فقط، والدخول يدوي بعد تأكيد التفعيل.,WATCH,2026-10-02 19:27 UTC
2026-10-02 12:34 UTC,SDEV,Stablecoin Development Corporat,5.19,41.8,22550189.0,125653345.0,652140860.55,5.06,6.091951636665546,0.309174312247681,3.8761,12.17,5.57,5.57,7.32,5.63,6.02,4.96,0.58,Which stocks are most active on Friday?,Higher Lows,66,WATCH,🟡 WATCHLIST,"Potential setup, but important conditions are missing.",R:R 1:0.58 أقل من 1:3,ليست ضماناً لصعود 7%. الإعداد يجمع الأدلة فقط، والدخول يدوي بعد تأكيد التفعيل.,WATCH,2026-10-02 19:27 UTC
2026-10-02 12:34 UTC,AISP,"Airship AI Holdings, Inc",2.24,20.43,22094701.0,41801000.0,93634240.0,18.21,0.1549295892887604,0.194240216969867,2.3232,5.37,2.4,2.4,7.14,2.42,2.59,1.99,0.4,Thursday's session: gap up and gap down stocks,Higher Lows,70,WATCH,🟡 WATCHLIST,"Potential setup, but important conditions are missing.",R:R 1:0.40 أقل من 1:3,ليست ضماناً لصعود 7%. الإعداد يجمع الأدلة فقط، والدخول يدوي بعد تأكيد التفعيل.,WATCH,2026-10-02 12:34 UTC
2026-10-02 12:34 UTC,NAMM,Namib Minerals,1.35,40.92,9442458.0,26938100.0,36366435.0,14.6,0.1283552782891176,0.1242513821848676,1.261,9.07,1.4,1.4,3.7,1.41,1.51,0.96,0.22,What Namib Minerals (NAMM) Said on Its Q2 Earnings Call,Increasing Volume,68,WATCH,🟡 WATCHLIST,"Potential setup, but important conditions are missing.",R:R 1:0.22 أقل من 1:3,ليست ضماناً لصعود 7%. الإعداد يجمع الأدلة فقط، والدخول يدوي بعد تأكيد التفعيل.,WATCH,2026-10-02 12:34 UTC
2026-10-01 20:20 UTC,SDEV,Stablecoin Development Corporat,3.61,39.38,22550189.0,103286338.0,372863680.18,5.6,2.9259171538366053,0.1073001366104131,3.0009,12.41,3.84,3.84,6.37,3.88,4.15,3.39,0.55,Which stocks are experiencing notable movement on Thursday?,Higher Lows,75,STRONG,🟢 STRONG PRE-BREAKOUT,"Strong setup, but one or more confirmations are still developing.",R:R 1:0.55 أقل من 1:3,ليست ضماناً لصعود 7%. الإعداد يجمع الأدلة فقط، والدخول يدوي بعد تأكيد التفعيل.,WATCH,2026-10-01 20:20 UTC
2026-09-30 14:05 UTC,VBIO,"Valion Bio, Inc.",4.0,41.34,879575.0,47460095.0,189840380.0,14.88,0.4060414320921099,0.0031784025675942,3.4819,13.75,4.23,4.23,5.75,4.27,4.57,3.15,0.27,Wednesday's pre-market session: top gainers and losers,Higher Lows,65,WATCH,🟡 WATCHLIST,"Potential setup, but important conditions are missing.",R:R 1:0.27 أقل من 1:3,ليست ضماناً لصعود 7%. الإعداد يجمع الأدلة فقط، والدخول يدوي بعد تأكيد التفعيل.,WATCH,2026-09-30 14:37 UTC
2026-09-29 19:39 UTC,NAUT,"Nautilus Biotechnology, Inc.",1.2,8.11,67465629.0,21062639.0,25275166.8,9.49,0.2564338102456879,0.2593271751233489,1.1659,9.97,1.37,1.37,14.17,1.38,1.48,1.07,0.32,Top movers analysis one hour before the close of the markets on 2026-09-29: top gainers and losers in today's session.,Higher Lows + Increasing Volume,67,WATCH,🟡 WATCHLIST,"Potential setup, but important conditions are missing.",R:R 1:0.32 أقل من 1:3,ليست ضماناً لصعود 7%. الإعداد يجمع الأدلة فقط، والدخول يدوي بعد تأكيد التفعيل.,WATCH,2026-09-29 19:39 UTC
2026-09-25 10:21 UTC,APUS,"Apimeds Pharmaceuticals US, Inc",7.17,45.73,1509118.0,34467123.0,247129271.91,5.53,1.3056716648878204,0.2245768544722646,6.3566,10.78,7.3,7.3,1.81,7.37,7.89,6.28,0.48,Unusual volume stocks are being observed in Friday's session.,Higher Lows + Near Premarket High,73,WATCH,🟡 WATCHLIST,"Potential setup, but important conditions are missing.",R:R 1:0.48 أقل من 1:3,ليست ضماناً لصعود 7%. الإعداد يجمع الأدلة فقط، والدخول يدوي بعد تأكيد التفعيل.,WATCH,2026-09-25 17:59 UTC
2026-09-25 17:59 UTC,JAGX,"Jaguar Health, Inc.",9.08,28.61,342776.0,27437086.0,249128740.88,7.78,0.3370254868143607,0.0048020460811106,16.0914,52.76,10.39,10.39,14.43,10.49,11.22,6.77,0.2,Gapping stocks in Friday's session,Higher Lows,66,WATCH,🟡 WATCHLIST,"Potential setup, but important conditions are missing.",R:R 1:0.20 أقل من 1:3,ليست ضماناً لصعود 7%. الإعداد يجمع الأدلة فقط، والدخول يدوي بعد تأكيد التفعيل.,WATCH,2026-09-25 17:59 UTC
2026-09-25 14:34 UTC,SDEV,Stablecoin Development Corporat,1.54,19.38,22550189.0,12384751.0,19072516.54,8.37,0.6275510038064956,-0.0102025412064017,1.2911,8.91,1.57,1.57,1.95,1.59,1.7,1.39,0.55,Gapping stocks in Friday's session,Higher Lows + Near Premarket High,65,WATCH,🟡 WATCHLIST,"Potential setup, but important conditions are missing.",R:R 1:0.55 أقل من 1:3,ليست ضماناً لصعود 7%. الإعداد يجمع الأدلة فقط، والدخول يدوي بعد تأكيد التفعيل.,WATCH,2026-09-25 17:59 UTC
2026-09-25 13:09 UTC,GCTK,"GlucoTrack, Inc.",2.31,13.79,636239.0,51392400.0,118716444.0,12.62,0.0811932299804288,-0.0147473120416488,2.5265,13.92,2.46,2.46,6.49,2.48,2.65,2.37,1.55,Unusual volume stocks in Thursday's session,Increasing Volume,66,WATCH,🟡 WATCHLIST,"Potential setup, but important conditions are missing.",R:R 1:1.55 أقل من 1:3,ليست ضماناً لصعود 7%. الإعداد يجمع الأدلة فقط، والدخول يدوي بعد تأكيد التفعيل.,WATCH,2026-09-25 13:15 UTC
2026-09-24 14:52 UTC,GLND,Greenland Energy Company,3.21,10.31,43730194.0,113315150.0,363741631.5,5.13,2.470415300526997,,3.0969,10.46,3.23,3.23,0.62,3.26,3.49,3.17,2.56,Unusual volume stocks in Thursday's session,Higher Lows + Near Premarket High,75,STRONG,🟢 STRONG PRE-BREAKOUT,"Strong setup, but one or more confirmations are still developing.",R:R 1:2.56 أقل من 1:3,ليست ضماناً لصعود 7%. الإعداد يجمع الأدلة فقط، والدخول يدوي بعد تأكيد التفعيل.,WATCH,2026-09-24 17:58 UTC
2026-09-24 14:52 UTC,PFSA,"Profusa, Inc.",3.53,72.2,518167.0,74596030.0,263323985.9,17.25,0.5865083626502041,-0.000145895689498,3.0948,13.08,4.55,4.179999828338623,28.9,4.22,4.52,2.38,0.16,Which stocks are moving on Thursday?,Higher Lows,66,WATCH,🟡 WATCHLIST,"Potential setup, but important conditions are missing.",R:R 1:0.16 أقل من 1:3,ليست ضماناً لصعود 7%. الإعداد يجمع الأدلة فقط، والدخول يدوي بعد تأكيد التفعيل.,WATCH,2026-09-24 17:58 UTC
2026-09-24 14:52 UTC,GCTK,"GlucoTrack, Inc.",2.43,19.7,636246.0,49159808.0,119458333.44,13.1,0.0770810913504497,-0.014967311460967,2.5393,13.23,5.05,3.25,107.82,3.28,3.51,2.37,0.25,Unusual volume stocks in Thursday's session,Increasing Volume,65,WATCH,🟡 WATCHLIST,"Potential setup, but important conditions are missing.",R:R 1:0.25 أقل من 1:3,ليست ضماناً لصعود 7%. الإعداد يجمع الأدلة فقط، والدخول يدوي بعد تأكيد التفعيل.,WATCH,2026-09-24 17:58 UTC
